{
  "images" : [
    {
      "filename" : "卡通儿童可爱手绘彩色气泡框爆炸文本会话对话框云朵边框PNG素材% 2.png",
      "idiom" : "universal",
      "scale" : "1x"
    },
    {
      "filename" : "卡通儿童可爱手绘彩色气泡框爆炸文本会话对话框云朵边框PNG素材% 2@2x.png",
      "idiom" : "universal",
      "scale" : "2x"
    },
    {
      "filename" : "卡通儿童可爱手绘彩色气泡框爆炸文本会话对话框云朵边框PNG素材% 2@3x.png",
      "idiom" : "universal",
      "scale" : "3x"
    }
  ],
  "info" : {
    "author" : "xcode",
    "version" : 1
  }
}
