{
  "images" : [
    {
      "filename" : "卡通可爱边框花边分割线装饰免抠PNG图案合集 照片手账设计 (1_835c537b.png",
      "idiom" : "universal",
      "scale" : "1x"
    },
    {
      "filename" : "卡通可爱边框花边分割线装饰免抠PNG图案合集 照片手账设计 (1_835c537b@2x.png",
      "idiom" : "universal",
      "scale" : "2x"
    },
    {
      "filename" : "卡通可爱边框花边分割线装饰免抠PNG图案合集 照片手账设计 (1_835c537b@3x.png",
      "idiom" : "universal",
      "scale" : "3x"
    }
  ],
  "info" : {
    "author" : "xcode",
    "version" : 1
  }
}
