{
  "images" : [
    {
      "filename" : "卡通相框_图片素材_ツ●﹏唄唄的画板-花瓣网 1.png",
      "idiom" : "universal",
      "scale" : "1x"
    },
    {
      "filename" : "卡通相框_图片素材_ツ●﹏唄唄的画板-花瓣网 1@2x.png",
      "idiom" : "universal",
      "scale" : "2x"
    },
    {
      "filename" : "卡通相框_图片素材_ツ●﹏唄唄的画板-花瓣网 1@3x.png",
      "idiom" : "universal",
      "scale" : "3x"
    }
  ],
  "info" : {
    "author" : "xcode",
    "version" : 1
  }
}
