{
  "images" : [
    {
      "filename" : "卡通 边框_图片素材_0°汽水的画板-花瓣网.png",
      "idiom" : "universal",
      "scale" : "1x"
    },
    {
      "filename" : "卡通 边框_图片素材_0°汽水的画板-花瓣网@2x.png",
      "idiom" : "universal",
      "scale" : "2x"
    },
    {
      "filename" : "卡通 边框_图片素材_0°汽水的画板-花瓣网@3x.png",
      "idiom" : "universal",
      "scale" : "3x"
    }
  ],
  "info" : {
    "author" : "xcode",
    "version" : 1
  }
}
